1,lunch
2,canadian
3,octopus
4,soul
5,tempeh
6,romantic
7,grilling
8,tex-mex
9,turkish
10,simply-potatoes2
11,bear
12,pork-chops
13,savory-sauces
14,marinades-and-rubs
15,mahi-mahi
16,taste-mood
17,pork-loins-roast
18,brownies
19,namibian
20,jellies
21,holiday-event
22,oatmeal
23,broccoli
24,clear-soups
25,european
26,served-hot
27,macaroni-and-cheese
28,high-fiber
29,turkey
30,oaxacan
31,trout
32,omelets-and-frittatas
33,4-hours-or-less
34,crock-pot-slow-cooker
35,vietnamese
36,saudi-arabian
37,roast-beef
38,marinara-sauce
39,beef-organ-meats
40,dips
41,stove-top
42,occasion
43,cooking-mixes
44,beverages
45,belgian
46,vegetarian
47,pakistani
48,ramadan
49,nut-free
50,oven
51,shrimp-main-dish
52,venezuelan
53,whole-turkey
54,chicken-crock-pot
55,no-shell-fish
56,beijing
57,cherry
58,peanut-butter
59,april-fools-day
60,south-american
61,cabbage
62,spaghetti
63,jewish-ashkenazi
64,less_thansql:name_topics_of_recipegreater_than
65,hidden-valley-ranch
66,yams-sweet-potatoes
67,north-american
68,cherries
69,summer
70,korean
71,gumbo
72,papaya
73,rice
74,inexpensive
75,dutch
76,beans
77,appetizers
78,sweet
79,hawaiian
80,citrus
81,pork-loins
82,african
83,beef-crock-pot
84,veggie-burgers
85,low-sodium
86,pasta
87,toddler-friendly
88,salmon
89,congolese
90,tarts
91,3-steps-or-less
92,hunan
93,chocolate
94,lasagne
95,puddings-and-mousses
96,herb-and-spice-mixes
97,main-dish
98,long-grain-rice
99,filipino
100,spaghetti-sauce
101,sandwiches
102,fish
103,wedding
104,beef-liver
105,nigerian
106,pickeral
107,beef-barley-soup
108,no-cook
109,fudge
110,norwegian
111,manicotti
112,superbowl
113,unprocessed-freezer
114,for-large-groups
115,australian
116,gifts
117,saltwater-fish
118,cobblers-and-crisps
119,thai
120,freshwater-fish
121,strawberries
122,peppers
123,lemon
124,melons
125,berries
126,midwestern
127,white-rice
128,biscotti
129,squid
130,fall
131,elk
132,soups-stews
133,pork
134,dehydrator
135,egyptian
136,dairy-free
137,colombian
138,penne
139,cambodian
140,stews-poultry
141,pressure-canning
142,whitefish
143,crab
144,cuban
145,reynolds-wrap
146,picnic
147,georgian
148,muffins
149,crock-pot-main-dish
150,main-ingredient
151,central-american
152,free-of-something
153,crawfish
154,simply-potatoes
155,kwanzaa
156,south-west-pacific
157,tilapia
158,rosh-hashana
159,cupcakes
160,breakfast-eggs
161,stocks
162,coffee-cakes
163,salad-dressings
164,russian
165,cajun
166,low-carb
167,pheasant
168,curries
169,green-yellow-beans
170,danish
171,lobster
172,side-dishes-beans
173,presentation
174,stuffings-dressings
175,hanukkah
176,greens
177,avocado
178,drop-cookies
179,british-columbian
180,moose
181,served-cold
182,savory-pies
183,nepalese
184,pies
185,sweet-sauces
186,swiss
187,new-zealand
188,desserts
189,steak
190,wild-game
191,broil
192,quebec
193,pennsylvania-dutch
194,irish
195,condiments-etc
196,bread-pudding
197,ground-beef
198,breakfast-potatoes
199,spicy
200,gelatin
201,middle-eastern-main-dish
202,cantonese
203,preparation
204,equipment
205,number-of-servings
206,iranian-persian
207,brown-rice
208,technique
209,middle-eastern
210,yeast
211,nuts
212,bacon
213,breakfast-casseroles
214,creole
215,oamc-freezer-make-ahead
216,indian
217,pumpkin
218,breads
219,kiwifruit
220,mussels
221,main-dish-pork
222,peaches
223,chicken-stews
224,black-beans
225,bread-machine
226,icelandic
227,low-in-something
228,oranges
229,cookies-and-brownies
230,diabetic
231,steam
232,southern-united-states
233,pot-roast
234,fillings-and-frostings-chocolate
235,angolan
236,micro-melanesia
237,pork-sausage
238,15-minutes-or-less
239,high-protein
240,breakfast
241,low-fat
242,swedish
243,pacific-northwest
244,side-dishes
245,iraqi
246,low-calorie
247,chicken-livers
248,lettuces
249,stews
250,soy-tofu
251,main-dish-beef
252,pork-loin
253,pears
254,halloween-cupcakes
255,bisques-cream-soups
256,turkey-breasts
257,pies-and-tarts
258,new-years
259,short-grain-rice
260,granola-and-porridge
261,rosh-hashanah
262,duck-breasts
263,deer
264,wings
265,st-patricks-day
266,bean-soup
267,dietary
268,spinach
269,quiche
270,jams-and-preserves
271,pumpkin-bread
272,heirloom-historical
273,main-dish-seafood
274,jewish-sephardi
275,ham-and-bean-soup
276,prepared-potatoes
277,whole-duck
278,roast-beef-main-dish
279,healthy-2
280,chutneys
281,northeastern-united-states
282,laotian
283,small-appliance
284,cake-fillings-and-frostings
285,time-to-make
286,moroccan
287,cocktails
288,brown-bag
289,potluck
290,beef
291,seasonal
292,beef-ribs
293,meat
294,medium-grain-rice
295,rabbit
296,microwave
297,healthy
298,course
299,coconut
300,hand-formed-cookies
301,dips-summer
302,chick-peas-garbanzos
303,corn
304,water-bath
305,brunch
306,costa-rican
307,bananas
308,canning
309,for-large-groups-holiday-event
310,lasagna
311,Throw the ultimate fiesta with this sopaipillas recipe from Food.com.
312,tropical-fruit
313,candy
314,low-protein
315,artichoke
316,eggs-dairy
317,ethiopian
318,meatballs
319,indonesian
320,dinner-party
321,baja
322,food-processor-blender
323,cauliflower
324,hungarian
325,catfish
326,mexican
327,malaysian
328,rolls-biscuits
329,copycat
330,savory
331,lentils
332,thanksgiving
333,cinco-de-mayo
334,sugar-cookies
335,desserts-fruit
336,poultry
337,pancakes-and-waffles
338,high-in-something-diabetic-friendly
339,eggs
340,low-saturated-fat
341,crusts-pastry-dough-2
342,snacks-kid-friendly
343,german
344,scallops
345,pitted-fruit
346,squash
347,lactose
348,scottish
349,perch
350,snacks
351,blueberries
352,caribbean
353,oysters
354,whole-chicken
355,spanish
356,easter
357,sourdough
358,beef-kidney
359,bar-cookies
360,meatloaf
361,for-1-or-2
362,italian
363,elbow-macaroni
364,non-alcoholic
365,eggplant
366,from-scratch
367,flat-shapes
368,mardi-gras-carnival
369,palestinian
370,spreads
371,baked-beans
372,lamb-sheep
373,apple
374,beans-side-dishes
375,ice-cream
376,lebanese
377,chowders
378,black-bean-soup
379,fathers-day
380,beginner-cook
381,chard
382,pot-pie
383,sudanese
384,cheesecake
385,lamb-sheep-main-dish
386,memorial-day
387,tomatoes
388,beef-sauces
389,pressure-cooker
390,polish
391,cuisine
392,to-go
393,casseroles
394,banana
395,stir-fry
396,brazilian
397,pasta-salad
398,welsh
399,chicken-breasts
400,halloween-cakes
401,cranberry-sauce
402,potatoes
403,cakes
404,asian
405,californian
406,pasta-shells
407,collard-greens
408,snacks-sweet
409,christmas
410,5-ingredients-or-less
411,english
412,pork-crock-pot
413,finnish
414,mongolian
415,refrigerator
416,cod
417,beef-sausage
418,dips-lunch-snacks
419,chilean
420,super-bowl
421,barbecue
422,quick-breads
423,passover
424,goose
425,birthday
426,chicken-thighs-legs
427,burgers
428,apples
429,mushroom-soup
430,mixer
431,quail
432,ham
433,1-day-or-more
434,sauces
435,clams
436,egg-free
437,30-minutes-or-less
438,duck
439,main-dish-chicken
440,finger-food
441,amish-mennonite
442,turkey-burgers
443,chicken
444,chinese-new-year
445,college
446,portuguese
447,ragu-recipe-contest
448,deep-fry
449,grains
450,garnishes
451,peruvian
452,leftovers
453,halibut
454,cheese
455,winter
456,polynesian
457,zucchini
458,gluten-free
459,kid-friendly
460,served-hot-new-years
461,labor-day
462,guatemalan
463,halloween
464,french
465,independence-day
466,60-minutes-or-less
467,grapes
468,roast-beef-comfort-food
469,szechuan
470,bass
471,chicken-stew
472,native-american
473,heirloom-historical-recipes
474,southwestern-united-states
475,celebrity
476,chocolate-chip-cookies
477,novelty
478,punch
479,a1-sauce
480,freezer
481,japanese
482,baking
483,low-cholesterol
484,ontario
485,mothers-day
486,salads
487,vegan
488,shrimp
489,eggs-breakfast
490,desserts-easy
491,bok-choys
492,austrian
493,camping
494,steaks
495,pizza
496,mashed-potatoes
497,chili
498,halloween-cocktails
499,sole-and-flounder
500,seafood
501,onions
502,puerto-rican
503,honduran
504,tuna
505,raspberries
506,shakes
507,lime
508,libyan
509,pasta-rice-and-grains
510,somalian
511,american
512,smoothies
513,pasta-elbow-macaroni
514,greek
515,pasta-rice-and-grains-elbow-macaroni
516,high-in-something
517,south-african
518,spring
519,comfort-food
520,one-dish-meal
521,kosher
522,mango
523,smoker
524,frozen-desserts
525,asparagus
526,valentines-day
527,irish-st-patricks-day
528,orange-roughy
529,brewing
530,pineapple
531,infant-baby-friendly
532,weeknight
533,carrots
534,scandinavian
535,fruit
536,ravioli-tortellini
537,argentine
538,pork-ribs
539,shellfish
540,veal
541,easy
542,high-calcium
543,mushrooms
544,czech
545,scones
546,rolled-cookies
547,very-low-carbs
548,vegetables
549,plums
550,roast
551,chinese
552,ecuadorean
553,main-dish-pasta
554,salsas
